section,Bh,q,rounds,objective,accuracy,sigma,sensitivity,bits_per_client,mean_h_clip_residual,mean_state_age,p90_state_age,max_state_age,Bs,mean_prefix_clip_residual,tail_prefix_clip_residual,seed,objective_mean,objective_sd,accuracy_mean,accuracy_sd,accountant_q,dataset,n_clients,samples_per_client,d,topk_frac,epsilon,delta_dp,C0,Cg,Br,Be,gamma,l1,accountant,experiment_note
bh_scan_q02_T100_seed0,1.0,0.2,100,0.7363756791786177,0.7015,0.4272091474070733,0.1,1480,0.0,4.06,10.100000000000009,30,,,,0,,,,,0.2,synthetic_binary_logistic_l1,100,40,20,0.1,8.0,1e-5,1.0,1.0,2.0,2.0,5.0,0.002,without_replacement_bound,single-seed Bh scan
bh_scan_q02_T100_seed0,2.0,0.2,100,1.9149500373672292,0.57675,0.8544182948141466,0.2,1480,0.0,4.06,10.100000000000009,30,,,,0,,,,,0.2,synthetic_binary_logistic_l1,100,40,20,0.1,8.0,1e-5,1.0,1.0,2.0,2.0,5.0,0.002,without_replacement_bound,single-seed Bh scan
bh_scan_q02_T100_seed0,5.0,0.2,100,6.354273412373138,0.50225,2.1360457370353663,0.5,1480,0.0,4.06,10.100000000000009,30,,,,0,,,,,0.2,synthetic_binary_logistic_l1,100,40,20,0.1,8.0,1e-5,1.0,1.0,2.0,2.0,5.0,0.002,without_replacement_bound,single-seed Bh scan
prefix_bs_scan_T10_no_amplification,,1.0,10,0.81488,0.487,1.096012,0.5,7400,,0.0,,,0.25,0.14287,0.17227,,,,,,1.0,synthetic_binary_logistic_l1,100,40,20,0.1,8.0,1e-5,1.0,1.0,2.0,2.0,5.0,0.002,without_replacement_bound,persistent prefix state; accountant_q=1; no subsampling amplification
prefix_bs_scan_T10_no_amplification,,1.0,10,1.074172,0.4873,2.192024,1.0,7400,,0.0,,,0.5,0.10071,0.16373,,,,,,1.0,synthetic_binary_logistic_l1,100,40,20,0.1,8.0,1e-5,1.0,1.0,2.0,2.0,5.0,0.002,without_replacement_bound,persistent prefix state; accountant_q=1; no subsampling amplification
prefix_bs_scan_T10_no_amplification,,1.0,10,1.749021,0.4865,4.384048,2.0,7400,,0.0,,,1.0,0.02931,0.14299,,,,,,1.0,synthetic_binary_logistic_l1,100,40,20,0.1,8.0,1e-5,1.0,1.0,2.0,2.0,5.0,0.002,without_replacement_bound,persistent prefix state; accountant_q=1; no subsampling amplification
prefix_bs_scan_T10_no_amplification,,1.0,10,3.331652,0.4793,8.768095,4.0,7400,,0.0,,,2.0,0.0,0.0,,,,,,1.0,synthetic_binary_logistic_l1,100,40,20,0.1,8.0,1e-5,1.0,1.0,2.0,2.0,5.0,0.002,without_replacement_bound,persistent prefix state; accountant_q=1; no subsampling amplification
prefix_bs_scan_T10_no_amplification,,1.0,10,8.308048,0.4728,21.920238,10.0,7400,,0.0,,,5.0,0.0,0.0,,,,,,1.0,synthetic_binary_logistic_l1,100,40,20,0.1,8.0,1e-5,1.0,1.0,2.0,2.0,5.0,0.002,without_replacement_bound,persistent prefix state; accountant_q=1; no subsampling amplification
prefix_bs_scan_T10_no_amplification,,0.5,10,0.796125,0.463,1.096012,0.5,3700,,0.96,,,0.25,0.14413,0.16925,,,,,,1.0,synthetic_binary_logistic_l1,100,40,20,0.1,8.0,1e-5,1.0,1.0,2.0,2.0,5.0,0.002,without_replacement_bound,persistent prefix state; accountant_q=1; no subsampling amplification
prefix_bs_scan_T10_no_amplification,,0.5,10,0.999003,0.4635,2.192024,1.0,3700,,0.96,,,0.5,0.1054,0.14974,,,,,,1.0,synthetic_binary_logistic_l1,100,40,20,0.1,8.0,1e-5,1.0,1.0,2.0,2.0,5.0,0.002,without_replacement_bound,persistent prefix state; accountant_q=1; no subsampling amplification
prefix_bs_scan_T10_no_amplification,,0.5,10,1.547052,0.4645,4.384048,2.0,3700,,0.96,,,1.0,0.03814,0.12197,,,,,,1.0,synthetic_binary_logistic_l1,100,40,20,0.1,8.0,1e-5,1.0,1.0,2.0,2.0,5.0,0.002,without_replacement_bound,persistent prefix state; accountant_q=1; no subsampling amplification
prefix_bs_scan_T10_no_amplification,,0.5,10,2.876882,0.457,8.768095,4.0,3700,,0.96,,,2.0,0.0,0.0,,,,,,1.0,synthetic_binary_logistic_l1,100,40,20,0.1,8.0,1e-5,1.0,1.0,2.0,2.0,5.0,0.002,without_replacement_bound,persistent prefix state; accountant_q=1; no subsampling amplification
prefix_bs_scan_T10_no_amplification,,0.5,10,7.146018,0.447,21.920238,10.0,3700,,0.96,,,5.0,0.0,0.0,,,,,,1.0,synthetic_binary_logistic_l1,100,40,20,0.1,8.0,1e-5,1.0,1.0,2.0,2.0,5.0,0.002,without_replacement_bound,persistent prefix state; accountant_q=1; no subsampling amplification
prefix_bs_scan_T10_no_amplification,,0.2,10,0.904485,0.3583,1.096012,0.5,1480,,3.48,,,0.25,0.14327,0.16092,,,,,,1.0,synthetic_binary_logistic_l1,100,40,20,0.1,8.0,1e-5,1.0,1.0,2.0,2.0,5.0,0.002,without_replacement_bound,persistent prefix state; accountant_q=1; no subsampling amplification
prefix_bs_scan_T10_no_amplification,,0.2,10,1.228278,0.361,2.192024,1.0,1480,,3.48,,,0.5,0.09696,0.13018,,,,,,1.0,synthetic_binary_logistic_l1,100,40,20,0.1,8.0,1e-5,1.0,1.0,2.0,2.0,5.0,0.002,without_replacement_bound,persistent prefix state; accountant_q=1; no subsampling amplification
prefix_bs_scan_T10_no_amplification,,0.2,10,2.024053,0.3605,4.384048,2.0,1480,,3.48,,,1.0,0.02146,0.09258,,,,,,1.0,synthetic_binary_logistic_l1,100,40,20,0.1,8.0,1e-5,1.0,1.0,2.0,2.0,5.0,0.002,without_replacement_bound,persistent prefix state; accountant_q=1; no subsampling amplification
prefix_bs_scan_T10_no_amplification,,0.2,10,3.892141,0.3518,8.768095,4.0,1480,,3.48,,,2.0,0.0,0.0,,,,,,1.0,synthetic_binary_logistic_l1,100,40,20,0.1,8.0,1e-5,1.0,1.0,2.0,2.0,5.0,0.002,without_replacement_bound,persistent prefix state; accountant_q=1; no subsampling amplification
prefix_bs_scan_T10_no_amplification,,0.2,10,9.733473,0.3465,21.920238,10.0,1480,,3.48,,,5.0,0.0,0.0,,,,,,1.0,synthetic_binary_logistic_l1,100,40,20,0.1,8.0,1e-5,1.0,1.0,2.0,2.0,5.0,0.002,without_replacement_bound,persistent prefix state; accountant_q=1; no subsampling amplification
equal_bits_scan_Bh1,,1.0,100,0.350545,0.87,0.138636,0.02,7400.0,,0.0,,,,,,0,,,,,,synthetic_binary_logistic_l1,100,40,20,0.1,8.0,1e-5,1.0,1.0,2.0,2.0,5.0,0.002,without_replacement_bound,raw equal-bits run; three seeds total
equal_bits_scan_Bh1,,1.0,100,0.32558,0.8698,0.138636,0.02,7400.0,,0.0,,,,,,1,,,,,,synthetic_binary_logistic_l1,100,40,20,0.1,8.0,1e-5,1.0,1.0,2.0,2.0,5.0,0.002,without_replacement_bound,raw equal-bits run; three seeds total
equal_bits_scan_Bh1,,1.0,100,0.342255,0.8745,0.138636,0.02,7400.0,,0.0,,,,,,2,,,,,,synthetic_binary_logistic_l1,100,40,20,0.1,8.0,1e-5,1.0,1.0,2.0,2.0,5.0,0.002,without_replacement_bound,raw equal-bits run; three seeds total
equal_bits_scan_Bh1,,0.5,200,0.724342,0.7485,0.392121,0.04,7400.0,,0.87,,,,,,0,,,,,,synthetic_binary_logistic_l1,100,40,20,0.1,8.0,1e-5,1.0,1.0,2.0,2.0,5.0,0.002,without_replacement_bound,raw equal-bits run; three seeds total
equal_bits_scan_Bh1,,0.5,200,0.50754,0.7772,0.392121,0.04,7400.0,,0.98,,,,,,1,,,,,,synthetic_binary_logistic_l1,100,40,20,0.1,8.0,1e-5,1.0,1.0,2.0,2.0,5.0,0.002,without_replacement_bound,raw equal-bits run; three seeds total
equal_bits_scan_Bh1,,0.5,200,0.646358,0.7442,0.392121,0.04,7400.0,,0.92,,,,,,2,,,,,,synthetic_binary_logistic_l1,100,40,20,0.1,8.0,1e-5,1.0,1.0,2.0,2.0,5.0,0.002,without_replacement_bound,raw equal-bits run; three seeds total
equal_bits_scan_Bh1,,0.2,500,6.821912,0.6008,1.549995,0.1,7400.0,,4.12,,,,,,0,,,,,,synthetic_binary_logistic_l1,100,40,20,0.1,8.0,1e-5,1.0,1.0,2.0,2.0,5.0,0.002,without_replacement_bound,raw equal-bits run; three seeds total
equal_bits_scan_Bh1,,0.2,500,5.913524,0.6927,1.549995,0.1,7400.0,,4.13,,,,,,1,,,,,,synthetic_binary_logistic_l1,100,40,20,0.1,8.0,1e-5,1.0,1.0,2.0,2.0,5.0,0.002,without_replacement_bound,raw equal-bits run; three seeds total
equal_bits_scan_Bh1,,0.2,500,5.120721,0.6635,1.549995,0.1,7400.0,,4.1,,,,,,2,,,,,,synthetic_binary_logistic_l1,100,40,20,0.1,8.0,1e-5,1.0,1.0,2.0,2.0,5.0,0.002,without_replacement_bound,raw equal-bits run; three seeds total
equal_bits_aggregates,,1.0,100,,,0.138636,0.02,7400.0,,,,,,,,,0.33946,0.012715,0.8714,0.0027,1.0,synthetic_binary_logistic_l1,100,40,20,0.1,8.0,1e-5,1.0,1.0,2.0,2.0,5.0,0.002,without_replacement_bound,three-seed equal-bits aggregate
equal_bits_aggregates,,0.5,200,,,0.392121,0.04,7400.0,,,,,,,,,0.62608,0.109814,0.7567,0.018,0.5,synthetic_binary_logistic_l1,100,40,20,0.1,8.0,1e-5,1.0,1.0,2.0,2.0,5.0,0.002,without_replacement_bound,three-seed equal-bits aggregate
equal_bits_aggregates,,0.2,500,,,1.549995,0.1,7400.0,,,,,,,,,5.952052,0.85125,0.6523,0.04696,0.2,synthetic_binary_logistic_l1,100,40,20,0.1,8.0,1e-5,1.0,1.0,2.0,2.0,5.0,0.002,without_replacement_bound,three-seed equal-bits aggregate
bh_scan_q02_3seed_aggregates,1.0,0.2,100,,,0.4272091474,0.1,1480,,,,,,,,,0.713027,0.162245,0.7261,0.0472,0.2,synthetic_binary_logistic_l1,100,40,20,0.1,8.0,1e-5,1.0,1.0,2.0,2.0,5.0,0.002,without_replacement_bound,three-seed Bh aggregate
bh_scan_q02_3seed_aggregates,2.0,0.2,100,,,0.8544182948,0.2,1480,,,,,,,,,1.810761,0.514934,0.6282,0.0663,0.2,synthetic_binary_logistic_l1,100,40,20,0.1,8.0,1e-5,1.0,1.0,2.0,2.0,5.0,0.002,without_replacement_bound,three-seed Bh aggregate
bh_scan_q02_3seed_aggregates,5.0,0.2,100,,,2.136045737,0.5,1480,,,,,,,,,5.810887,1.682618,0.5705,0.0747,0.2,synthetic_binary_logistic_l1,100,40,20,0.1,8.0,1e-5,1.0,1.0,2.0,2.0,5.0,0.002,without_replacement_bound,three-seed Bh aggregate
